Scan Name,Dice Coefficient,Jaccard Index
ct10000020,0.7963083857236118,0.6615551494078664
ct40000007,0.7459357243177249,0.594814587084779
